Timestamp,Voltage (V),Current (A),Power (W),Energy (kWh),Frequency (Hz),Power Factor
2026-01-21 14:13:56,150.3,0.000,0.0,0.043,59.9,0.00
2026-01-21 14:13:56,150.3,0.000,0.0,0.043,59.9,0.00
2026-01-21 14:13:56,150.3,0.000,0.0,0.043,59.9,0.00
2026-01-21 14:13:56,150.3,0.000,0.0,0.043,59.9,0.00
2026-01-21 14:13:56,150.3,0.000,0.0,0.043,59.9,0.00
2026-01-21 14:13:57,150.3,0.000,0.0,0.043,59.9,0.00
2026-01-21 14:13:57,150.3,0.000,0.0,0.043,59.9,0.00
2026-01-21 14:13:57,150.3,0.000,0.0,0.043,59.9,0.00
2026-01-21 14:13:57,150.3,0.000,0.0,0.043,59.9,0.00
2026-01-21 14:13:57,150.3,0.000,0.0,0.043,59.9,0.00
2026-01-21 14:13:57,150.3,0.000,0.0,0.043,59.9,0.00
2026-01-21 14:13:57,150.3,0.000,0.0,0.043,59.9,0.00
2026-01-21 14:13:57,150.3,0.000,0.0,0.043,59.9,0.00
2026-01-21 14:13:57,150.3,0.000,0.0,0.043,59.9,0.00
2026-01-21 14:13:57,150.3,0.000,0.0,0.043,59.9,0.00
2026-01-21 14:13:57,150.3,0.000,0.0,0.043,59.9,0.00
2026-01-21 14:13:57,150.3,0.000,0.0,0.043,59.9,0.00
2026-01-21 14:13:57,150.3,0.000,0.0,0.043,59.9,0.00
2026-01-21 14:13:57,150.3,0.000,0.0,0.043,59.9,0.00
2026-01-21 14:13:58,150.3,0.000,0.0,0.043,59.9,0.00
2026-01-21 14:13:58,150.3,0.000,0.0,0.043,59.9,0.00
2026-01-21 14:13:58,150.3,0.000,0.0,0.043,59.9,0.00
2026-01-21 14:13:58,150.3,0.000,0.0,0.043,59.9,0.00
2026-01-21 14:13:58,150.3,0.000,0.0,0.043,59.9,0.00
2026-01-21 14:13:58,150.3,0.000,0.0,0.043,59.9,0.00
2026-01-21 14:13:58,150.3,0.000,0.0,0.043,59.9,0.00
2026-01-21 14:13:58,150.3,0.000,0.0,0.043,59.9,0.00
2026-01-21 14:13:58,150.3,0.000,0.0,0.043,59.9,0.00
2026-01-21 14:13:58,150.3,0.000,0.0,0.043,59.9,0.00
2026-01-21 14:13:58,150.3,0.000,0.0,0.043,59.9,0.00
2026-01-21 14:13:58,150.3,0.000,0.0,0.043,59.9,0.00
2026-01-21 14:13:58,150.3,0.000,0.0,0.043,59.9,0.00
2026-01-21 14:13:58,150.3,0.000,0.0,0.043,59.9,0.00
2026-01-21 14:13:59,150.3,0.000,0.0,0.043,59.9,0.00
2026-01-21 14:13:59,150.3,0.000,0.0,0.043,59.9,0.00
2026-01-21 14:13:59,150.3,0.000,0.0,0.043,59.9,0.00
2026-01-21 14:13:59,150.3,0.000,0.0,0.043,59.9,0.00
2026-01-21 14:13:59,150.3,0.000,0.0,0.043,59.9,0.00
2026-01-21 14:13:59,150.3,0.000,0.0,0.043,59.9,0.00
2026-01-21 14:13:59,150.3,0.000,0.0,0.043,59.9,0.00
2026-01-21 14:13:59,150.3,0.000,0.0,0.043,59.9,0.00
2026-01-21 14:13:59,150.3,0.000,0.0,0.043,59.9,0.00
2026-01-21 14:13:59,150.3,0.000,0.0,0.043,59.9,0.00
2026-01-21 14:13:59,150.3,0.000,0.0,0.043,59.9,0.00
2026-01-21 14:13:59,150.3,0.000,0.0,0.043,59.9,0.00
2026-01-21 14:13:59,150.3,0.000,0.0,0.043,59.9,0.00
2026-01-21 14:13:59,150.3,0.000,0.0,0.043,59.9,0.00
2026-01-21 14:14:00,150.3,0.000,0.0,0.043,59.9,0.00
2026-01-21 14:14:00,150.3,0.000,0.0,0.043,59.9,0.00
2026-01-21 14:14:00,150.3,0.000,0.0,0.043,59.9,0.00
2026-01-21 14:14:00,150.3,0.000,0.0,0.043,59.9,0.00
2026-01-21 14:14:00,150.3,0.000,0.0,0.043,59.9,0.00
2026-01-21 14:14:00,150.3,0.000,0.0,0.043,59.9,0.00
2026-01-21 14:14:00,150.3,0.000,0.0,0.043,59.9,0.00
2026-01-21 14:14:00,150.3,0.000,0.0,0.043,59.9,0.00
2026-01-21 14:14:00,150.3,0.000,0.0,0.043,59.9,0.00
2026-01-21 14:14:00,150.3,0.000,0.0,0.043,59.9,0.00
2026-01-21 14:14:00,150.3,0.000,0.0,0.043,59.9,0.00
2026-01-21 14:14:00,150.3,0.000,0.0,0.043,59.9,0.00
2026-01-21 14:14:00,150.3,0.000,0.0,0.043,59.9,0.00
2026-01-21 14:14:00,150.3,0.000,0.0,0.043,59.9,0.00
2026-01-21 14:14:00,150.3,0.000,0.0,0.043,59.9,0.00
2026-01-21 14:14:01,150.3,0.000,0.0,0.043,59.9,0.00
2026-01-21 14:14:01,150.3,0.000,0.0,0.043,59.9,0.00
2026-01-21 14:14:01,150.3,0.000,0.0,0.043,59.9,0.00
2026-01-21 14:14:01,150.3,0.000,0.0,0.043,59.9,0.00
2026-01-21 14:14:01,150.3,0.000,0.0,0.043,59.9,0.00
2026-01-21 14:14:01,150.3,0.000,0.0,0.043,59.9,0.00
2026-01-21 14:14:01,150.3,0.000,0.0,0.043,59.9,0.00
2026-01-21 14:14:01,150.3,0.000,0.0,0.043,59.9,0.00
2026-01-21 14:14:01,150.3,0.000,0.0,0.043,59.9,0.00
2026-01-21 14:14:01,150.3,0.000,0.0,0.043,59.9,0.00
2026-01-21 14:14:01,150.3,0.000,0.0,0.043,59.9,0.00
2026-01-21 14:14:01,150.3,0.000,0.0,0.043,59.9,0.00
2026-01-21 14:14:01,150.3,0.000,0.0,0.043,59.9,0.00
2026-01-21 14:14:01,150.3,0.000,0.0,0.043,59.9,0.00
2026-01-21 14:14:02,150.3,0.000,0.0,0.043,59.9,0.00
2026-01-21 14:14:02,150.3,0.000,0.0,0.043,59.9,0.00
2026-01-21 14:14:02,150.3,0.000,0.0,0.043,59.9,0.00
2026-01-21 14:14:02,150.3,0.000,0.0,0.043,59.9,0.00
2026-01-21 14:14:02,150.3,0.000,0.0,0.043,59.9,0.00
2026-01-21 14:14:02,150.3,0.000,0.0,0.043,59.9,0.00
2026-01-21 14:14:02,150.3,0.000,0.0,0.043,59.9,0.00
2026-01-21 14:14:02,150.3,0.000,0.0,0.043,59.9,0.00
2026-01-21 14:14:02,150.3,0.000,0.0,0.043,59.9,0.00
2026-01-21 14:14:02,150.3,0.000,0.0,0.043,59.9,0.00
2026-01-21 14:14:02,150.3,0.000,0.0,0.043,59.9,0.00
2026-01-21 14:14:02,150.3,0.000,0.0,0.043,59.9,0.00
2026-01-21 14:14:02,150.3,0.000,0.0,0.043,59.9,0.00
2026-01-21 14:14:02,150.2,0.000,0.0,0.043,59.9,0.00
2026-01-21 14:14:03,150.2,0.000,0.0,0.043,59.9,0.00
2026-01-21 14:14:03,150.2,0.000,0.0,0.043,59.9,0.00
2026-01-21 14:14:03,150.2,0.000,0.0,0.043,59.9,0.00
2026-01-21 14:14:03,150.2,0.000,0.0,0.043,59.9,0.00
2026-01-21 14:14:03,150.2,0.000,0.0,0.043,59.9,0.00
2026-01-21 14:14:03,150.2,0.000,0.0,0.043,59.9,0.00
2026-01-21 14:14:03,150.2,0.000,0.0,0.043,59.9,0.00
2026-01-21 14:14:03,150.2,0.000,0.0,0.043,59.9,0.00
2026-01-21 14:14:03,150.2,0.000,0.0,0.043,59.9,0.00
2026-01-21 14:14:03,150.2,0.000,0.0,0.043,59.9,0.00
2026-01-21 14:14:03,150.2,0.000,0.0,0.043,59.9,0.00
2026-01-21 14:14:03,150.2,0.000,0.0,0.043,59.9,0.00
2026-01-21 14:14:03,150.2,0.000,0.0,0.043,59.9,0.00
2026-01-21 14:14:03,150.2,0.000,0.0,0.043,59.9,0.00
2026-01-21 14:14:04,150.2,0.000,0.0,0.043,59.9,0.00
2026-01-21 14:14:04,150.2,0.000,0.0,0.043,59.9,0.00
2026-01-21 14:14:04,150.2,0.000,0.0,0.043,59.9,0.00
2026-01-21 14:14:04,150.2,0.000,0.0,0.043,59.9,0.00
2026-01-21 14:14:04,150.2,0.000,0.0,0.043,59.9,0.00
2026-01-21 14:14:04,150.2,0.000,0.0,0.043,59.9,0.00
2026-01-21 14:14:04,150.3,0.000,0.0,0.043,59.9,0.00
2026-01-21 14:14:04,150.3,0.000,0.0,0.043,59.9,0.00
2026-01-21 14:14:04,150.3,0.000,0.0,0.043,59.9,0.00
2026-01-21 14:14:04,150.3,0.000,0.0,0.043,59.9,0.00
2026-01-21 14:14:04,150.3,0.000,0.0,0.043,59.9,0.00
2026-01-21 14:14:04,150.3,0.000,0.0,0.043,59.9,0.00
2026-01-21 14:14:04,150.3,0.000,0.0,0.043,59.9,0.00
2026-01-21 14:14:04,150.3,0.000,0.0,0.043,59.9,0.00
2026-01-21 14:14:04,150.3,0.000,0.0,0.043,59.9,0.00
2026-01-21 14:14:05,150.3,0.000,0.0,0.043,59.9,0.00
2026-01-21 14:14:05,150.3,0.000,0.0,0.043,59.9,0.00
2026-01-21 14:14:05,150.3,0.000,0.0,0.043,59.9,0.00
2026-01-21 14:14:05,150.3,0.000,0.0,0.043,59.9,0.00
2026-01-21 14:14:05,150.3,0.000,0.0,0.043,59.9,0.00
2026-01-21 14:14:05,150.3,0.000,0.0,0.043,59.9,0.00
2026-01-21 14:14:05,150.3,0.000,0.0,0.043,59.9,0.00
2026-01-21 14:14:05,150.3,0.000,0.0,0.043,59.9,0.00
2026-01-21 14:14:05,150.3,0.000,0.0,0.043,59.9,0.00
2026-01-21 14:14:05,150.3,0.000,0.0,0.043,59.9,0.00
2026-01-21 14:14:05,150.3,0.000,0.0,0.043,59.9,0.00
2026-01-21 14:14:05,150.3,0.000,0.0,0.043,59.9,0.00
2026-01-21 14:14:05,150.3,0.000,0.0,0.043,59.9,0.00
2026-01-21 14:14:05,150.3,0.000,0.0,0.043,59.9,0.00
2026-01-21 14:14:06,150.3,0.000,0.0,0.043,59.9,0.00
2026-01-21 14:14:06,150.3,0.000,0.0,0.043,59.9,0.00
2026-01-21 14:14:06,150.3,0.000,0.0,0.043,59.9,0.00
2026-01-21 14:14:06,150.3,0.000,0.0,0.043,59.9,0.00
2026-01-21 14:14:06,150.3,0.000,0.0,0.043,59.9,0.00
2026-01-21 14:14:06,150.3,0.000,0.0,0.043,59.9,0.00
2026-01-21 14:14:06,150.3,0.000,0.0,0.043,59.9,0.00
2026-01-21 14:14:06,150.3,0.000,0.0,0.043,59.9,0.00
2026-01-21 14:14:06,150.3,0.000,0.0,0.043,59.9,0.00
2026-01-21 14:14:06,150.3,0.000,0.0,0.043,59.9,0.00
2026-01-21 14:14:06,150.3,0.000,0.0,0.043,59.9,0.00
2026-01-21 14:14:06,150.3,0.000,0.0,0.043,59.9,0.00
2026-01-21 14:14:06,150.3,0.000,0.0,0.043,59.9,0.00
2026-01-21 14:14:06,150.3,0.000,0.0,0.043,59.9,0.00
2026-01-21 14:14:07,150.3,0.000,0.0,0.043,59.9,0.00
2026-01-21 14:14:07,150.3,0.000,0.0,0.043,59.9,0.00
2026-01-21 14:14:07,150.3,0.000,0.0,0.043,59.9,0.00
2026-01-21 14:14:07,150.3,0.000,0.0,0.043,59.9,0.00
2026-01-21 14:14:07,150.3,0.000,0.0,0.043,59.9,0.00
2026-01-21 14:14:07,150.3,0.000,0.0,0.043,59.9,0.00
2026-01-21 14:14:07,150.3,0.000,0.0,0.043,59.9,0.00
2026-01-21 14:14:07,150.3,0.000,0.0,0.043,59.9,0.00
2026-01-21 14:14:07,150.3,0.000,0.0,0.043,59.9,0.00
2026-01-21 14:14:07,150.3,0.000,0.0,0.043,59.9,0.00
2026-01-21 14:14:07,150.3,0.000,0.0,0.043,59.9,0.00
2026-01-21 14:14:07,150.3,0.000,0.0,0.043,59.9,0.00
2026-01-21 14:14:07,150.3,0.000,0.0,0.043,59.9,0.00
2026-01-21 14:14:07,150.3,0.000,0.0,0.043,59.9,0.00
2026-01-21 14:14:08,150.3,0.000,0.0,0.043,59.9,0.00
2026-01-21 14:14:08,150.3,0.000,0.0,0.043,59.9,0.00
2026-01-21 14:14:08,150.3,0.000,0.0,0.043,59.9,0.00
2026-01-21 14:14:08,150.3,0.000,0.0,0.043,59.9,0.00
2026-01-21 14:14:08,150.3,0.000,0.0,0.043,59.9,0.00
2026-01-21 14:14:08,150.3,0.000,0.0,0.043,59.9,0.00
2026-01-21 14:14:08,150.3,0.000,0.0,0.043,59.9,0.00
2026-01-21 14:14:08,150.3,0.000,0.0,0.043,59.9,0.00
2026-01-21 14:14:08,150.3,0.000,0.0,0.043,59.9,0.00
2026-01-21 14:14:08,150.3,0.000,0.0,0.043,59.9,0.00
2026-01-21 14:14:08,150.3,0.000,0.0,0.043,59.9,0.00
2026-01-21 14:14:08,150.3,0.000,0.0,0.043,59.9,0.00
2026-01-21 14:14:08,150.3,0.000,0.0,0.043,59.9,0.00
2026-01-21 14:14:08,150.3,0.000,0.0,0.043,59.9,0.00
2026-01-21 14:14:09,150.3,0.000,0.0,0.043,59.9,0.00
2026-01-21 14:14:09,150.3,0.000,0.0,0.043,59.9,0.00
2026-01-21 14:14:09,150.3,0.000,0.0,0.043,59.9,0.00
2026-01-21 14:14:09,150.3,0.000,0.0,0.043,59.9,0.00
2026-01-21 14:14:09,150.3,0.000,0.0,0.043,59.9,0.00
2026-01-21 14:14:09,150.3,0.000,0.0,0.043,59.9,0.00
2026-01-21 14:14:09,150.3,0.000,0.0,0.043,59.9,0.00
2026-01-21 14:14:09,150.3,0.000,0.0,0.043,59.9,0.00
2026-01-21 14:14:09,150.3,0.000,0.0,0.043,59.9,0.00
2026-01-21 14:14:09,150.3,0.000,0.0,0.043,59.9,0.00
2026-01-21 14:14:09,150.3,0.000,0.0,0.043,59.9,0.00
2026-01-21 14:14:09,150.3,0.000,0.0,0.043,59.9,0.00
2026-01-21 14:14:09,150.3,0.000,0.0,0.043,59.9,0.00
2026-01-21 14:14:09,150.3,0.000,0.0,0.043,59.9,0.00
2026-01-21 14:14:09,150.3,0.000,0.0,0.043,59.9,0.00
2026-01-21 14:14:10,150.3,0.000,0.0,0.043,59.9,0.00
2026-01-21 14:14:10,150.3,0.000,0.0,0.043,59.9,0.00
2026-01-21 14:14:10,150.3,0.000,0.0,0.043,59.9,0.00
2026-01-21 14:14:10,150.3,0.000,0.0,0.043,59.9,0.00
2026-01-21 14:14:10,150.3,0.000,0.0,0.043,59.9,0.00
2026-01-21 14:14:10,150.3,0.000,0.0,0.043,59.9,0.00
2026-01-21 14:14:10,150.3,0.000,0.0,0.043,59.9,0.00
2026-01-21 14:14:10,150.3,0.000,0.0,0.043,59.9,0.00
2026-01-21 14:14:10,150.3,0.000,0.0,0.043,59.9,0.00
2026-01-21 14:14:10,150.3,0.000,0.0,0.043,59.9,0.00
2026-01-21 14:14:10,150.3,0.000,0.0,0.043,59.9,0.00
2026-01-21 14:14:10,150.3,0.000,0.0,0.043,59.9,0.00
2026-01-21 14:14:10,150.3,0.000,0.0,0.043,59.9,0.00
2026-01-21 14:14:10,150.3,0.000,0.0,0.043,59.9,0.00
2026-01-21 14:14:11,150.3,0.000,0.0,0.043,59.9,0.00
2026-01-21 14:14:11,150.3,0.000,0.0,0.043,59.9,0.00
2026-01-21 14:14:11,150.3,0.000,0.0,0.043,59.9,0.00
2026-01-21 14:14:11,150.3,0.000,0.0,0.043,59.9,0.00
2026-01-21 14:14:11,150.3,0.000,0.0,0.043,59.9,0.00
2026-01-21 14:14:11,150.3,0.000,0.0,0.043,59.9,0.00
2026-01-21 14:14:11,150.3,0.000,0.0,0.043,59.9,0.00
2026-01-21 14:14:11,150.3,0.000,0.0,0.043,59.9,0.00
2026-01-21 14:14:11,150.3,0.000,0.0,0.043,59.9,0.00
2026-01-21 14:14:11,150.3,0.000,0.0,0.043,59.9,0.00
2026-01-21 14:14:11,150.3,0.000,0.0,0.043,59.9,0.00
2026-01-21 14:14:11,150.3,0.000,0.0,0.043,59.9,0.00
2026-01-21 14:14:11,150.3,0.000,0.0,0.043,59.9,0.00
2026-01-21 14:14:11,150.3,0.000,0.0,0.043,59.9,0.00
2026-01-21 14:14:12,150.3,0.000,0.0,0.043,59.9,0.00
2026-01-21 14:14:12,150.3,0.000,0.0,0.043,59.9,0.00
2026-01-21 14:14:12,150.3,0.000,0.0,0.043,59.9,0.00
2026-01-21 14:14:12,150.3,0.000,0.0,0.043,59.9,0.00
2026-01-21 14:14:12,150.3,0.000,0.0,0.043,59.9,0.00
2026-01-21 14:14:12,150.3,0.000,0.0,0.043,59.9,0.00
2026-01-21 14:14:12,150.3,0.000,0.0,0.043,59.9,0.00
2026-01-21 14:14:12,150.3,0.000,0.0,0.043,59.9,0.00
2026-01-21 14:14:12,150.3,0.000,0.0,0.043,59.9,0.00
2026-01-21 14:14:12,150.3,0.000,0.0,0.043,59.9,0.00
2026-01-21 14:14:12,150.3,0.000,0.0,0.043,59.9,0.00
2026-01-21 14:14:12,150.3,0.000,0.0,0.043,59.9,0.00
2026-01-21 14:14:12,150.3,0.000,0.0,0.043,59.9,0.00
2026-01-21 14:14:12,150.3,0.000,0.0,0.043,59.9,0.00
2026-01-21 14:14:13,150.3,0.000,0.0,0.043,59.9,0.00
2026-01-21 14:14:13,150.3,0.000,0.0,0.043,59.9,0.00
2026-01-21 14:14:13,150.3,0.000,0.0,0.043,59.9,0.00
2026-01-21 14:14:13,150.2,0.000,0.0,0.043,59.9,0.00
2026-01-21 14:14:13,150.2,0.000,0.0,0.043,59.9,0.00
2026-01-21 14:14:13,150.2,0.000,0.0,0.043,59.9,0.00
2026-01-21 14:14:13,150.2,0.000,0.0,0.043,59.9,0.00
2026-01-21 14:14:13,150.2,0.000,0.0,0.043,59.9,0.00
2026-01-21 14:14:13,150.2,0.000,0.0,0.043,59.9,0.00
2026-01-21 14:14:13,150.2,0.000,0.0,0.043,59.9,0.00
2026-01-21 14:14:13,150.2,0.000,0.0,0.043,59.9,0.00
2026-01-21 14:14:13,150.2,0.000,0.0,0.043,59.9,0.00
2026-01-21 14:14:13,150.2,0.000,0.0,0.043,59.9,0.00
2026-01-21 14:14:13,150.2,0.000,0.0,0.043,59.9,0.00
2026-01-21 14:14:14,150.2,0.000,0.0,0.043,59.9,0.00
2026-01-21 14:14:14,150.2,0.000,0.0,0.043,59.9,0.00
2026-01-21 14:14:14,150.2,0.000,0.0,0.043,59.9,0.00
2026-01-21 14:14:14,150.2,0.000,0.0,0.043,59.9,0.00
2026-01-21 14:14:14,150.2,0.000,0.0,0.043,59.9,0.00
2026-01-21 14:14:14,150.2,0.000,0.0,0.043,59.9,0.00
2026-01-21 14:14:14,150.2,0.000,0.0,0.043,59.9,0.00
2026-01-21 14:14:14,150.2,0.000,0.0,0.043,59.9,0.00
2026-01-21 14:14:14,150.2,0.000,0.0,0.043,59.9,0.00
2026-01-21 14:14:14,150.2,0.000,0.0,0.043,59.9,0.00
2026-01-21 14:14:14,150.2,0.000,0.0,0.043,59.9,0.00
2026-01-21 14:14:14,150.2,0.000,0.0,0.043,59.9,0.00
2026-01-21 14:14:14,150.2,0.000,0.0,0.043,59.9,0.00
2026-01-21 14:14:14,150.2,0.000,0.0,0.043,59.9,0.00
2026-01-21 14:14:14,150.2,0.000,0.0,0.043,59.9,0.00
2026-01-21 14:14:15,150.2,0.000,0.0,0.043,59.9,0.00
2026-01-21 14:14:15,150.2,0.000,0.0,0.043,59.9,0.00
2026-01-21 14:14:15,150.2,0.000,0.0,0.043,59.9,0.00
2026-01-21 14:14:15,150.2,0.000,0.0,0.043,59.9,0.00
2026-01-21 14:14:15,150.2,0.000,0.0,0.043,59.8,0.00
2026-01-21 14:14:15,150.2,0.000,0.0,0.043,59.8,0.00
2026-01-21 14:14:15,150.2,0.000,0.0,0.043,59.8,0.00
2026-01-21 14:14:15,150.2,0.000,0.0,0.043,59.8,0.00
2026-01-21 14:14:15,150.2,0.000,0.0,0.043,59.8,0.00
2026-01-21 14:14:15,150.2,0.000,0.0,0.043,59.8,0.00
2026-01-21 14:14:15,150.2,0.000,0.0,0.043,59.8,0.00
2026-01-21 14:14:15,150.2,0.000,0.0,0.043,59.8,0.00
2026-01-21 14:14:15,150.2,0.000,0.0,0.043,59.8,0.00
2026-01-21 14:14:15,150.2,0.000,0.0,0.043,59.8,0.00
2026-01-21 14:14:16,150.2,0.000,0.0,0.043,59.8,0.00
2026-01-21 14:14:16,150.2,0.000,0.0,0.043,59.8,0.00
2026-01-21 14:14:16,150.2,0.000,0.0,0.043,59.8,0.00
2026-01-21 14:14:16,150.2,0.000,0.0,0.043,59.8,0.00
2026-01-21 14:14:16,150.2,0.000,0.0,0.043,59.8,0.00
2026-01-21 14:14:16,150.2,0.000,0.0,0.043,59.8,0.00
2026-01-21 14:14:16,150.2,0.000,0.0,0.043,59.8,0.00
2026-01-21 14:14:16,150.2,0.000,0.0,0.043,59.8,0.00
2026-01-21 14:14:16,150.2,0.000,0.0,0.043,59.8,0.00
2026-01-21 14:14:16,150.2,0.000,0.0,0.043,59.8,0.00
2026-01-21 14:14:16,150.2,0.000,0.0,0.043,59.8,0.00
2026-01-21 14:14:16,150.2,0.000,0.0,0.043,59.8,0.00
2026-01-21 14:14:16,150.2,0.000,0.0,0.043,59.8,0.00
2026-01-21 14:14:16,150.2,0.000,0.0,0.043,59.8,0.00
2026-01-21 14:14:17,150.2,0.000,0.0,0.043,59.8,0.00
2026-01-21 14:14:17,150.2,0.000,0.0,0.043,59.9,0.00
2026-01-21 14:14:17,150.2,0.000,0.0,0.043,59.9,0.00
2026-01-21 14:14:17,150.2,0.000,0.0,0.043,59.9,0.00
2026-01-21 14:14:17,150.2,0.000,0.0,0.043,59.9,0.00
2026-01-21 14:14:17,150.2,0.000,0.0,0.043,59.9,0.00
2026-01-21 14:14:17,150.2,0.000,0.0,0.043,59.9,0.00
2026-01-21 14:14:17,150.2,0.000,0.0,0.043,59.9,0.00
2026-01-21 14:14:17,150.2,0.000,0.0,0.043,59.9,0.00
2026-01-21 14:14:17,150.2,0.000,0.0,0.043,59.9,0.00
2026-01-21 14:14:17,150.2,0.000,0.0,0.043,59.9,0.00
2026-01-21 14:14:17,150.2,0.000,0.0,0.043,59.9,0.00
2026-01-21 14:14:17,150.2,0.000,0.0,0.043,59.9,0.00
2026-01-21 14:14:17,150.2,0.000,0.0,0.043,59.9,0.00
2026-01-21 14:14:18,150.2,0.000,0.0,0.043,59.9,0.00
2026-01-21 14:14:18,150.2,0.000,0.0,0.043,59.9,0.00
2026-01-21 14:14:18,150.2,0.000,0.0,0.043,59.9,0.00
2026-01-21 14:14:18,150.2,0.000,0.0,0.043,59.9,0.00
2026-01-21 14:14:18,150.2,0.000,0.0,0.043,59.9,0.00
2026-01-21 14:14:18,150.2,0.000,0.0,0.043,59.9,0.00
2026-01-21 14:14:18,150.2,0.000,0.0,0.043,59.9,0.00
2026-01-21 14:14:18,150.2,0.000,0.0,0.043,59.9,0.00
2026-01-21 14:14:18,150.2,0.000,0.0,0.043,59.9,0.00
2026-01-21 14:14:18,150.2,0.000,0.0,0.043,59.9,0.00
2026-01-21 14:14:18,150.2,0.000,0.0,0.043,59.9,0.00
2026-01-21 14:14:18,150.2,0.000,0.0,0.043,59.9,0.00
2026-01-21 14:14:18,150.2,0.000,0.0,0.043,59.9,0.00
2026-01-21 14:14:18,150.2,0.000,0.0,0.043,59.9,0.00
2026-01-21 14:14:19,150.2,0.000,0.0,0.043,59.9,0.00
2026-01-21 14:14:19,150.2,0.000,0.0,0.043,59.9,0.00
2026-01-21 14:14:19,150.2,0.000,0.0,0.043,59.9,0.00
2026-01-21 14:14:19,150.2,0.000,0.0,0.043,59.9,0.00
2026-01-21 14:14:19,150.2,0.000,0.0,0.043,59.9,0.00
2026-01-21 14:14:19,150.2,0.000,0.0,0.043,59.9,0.00
2026-01-21 14:14:19,150.2,0.000,0.0,0.043,59.9,0.00
2026-01-21 14:14:19,150.2,0.000,0.0,0.043,59.9,0.00
2026-01-21 14:14:19,150.2,0.000,0.0,0.043,59.9,0.00
2026-01-21 14:14:19,150.2,0.000,0.0,0.043,59.9,0.00
2026-01-21 14:14:19,150.2,0.000,0.0,0.043,59.9,0.00
2026-01-21 14:14:19,150.2,0.000,0.0,0.043,59.9,0.00
2026-01-21 14:14:19,150.2,0.000,0.0,0.043,59.9,0.00
2026-01-21 14:14:19,150.2,0.000,0.0,0.043,59.9,0.00
2026-01-21 14:14:19,150.2,0.000,0.0,0.043,59.9,0.00
2026-01-21 14:14:20,150.2,0.000,0.0,0.043,59.9,0.00
2026-01-21 14:14:20,150.2,0.000,0.0,0.043,59.9,0.00
2026-01-21 14:14:20,150.2,0.000,0.0,0.043,59.9,0.00
2026-01-21 14:14:20,150.2,0.000,0.0,0.043,59.9,0.00
2026-01-21 14:14:20,150.2,0.000,0.0,0.043,59.9,0.00
2026-01-21 14:14:20,150.2,0.000,0.0,0.043,59.9,0.00
2026-01-21 14:14:20,150.2,0.000,0.0,0.043,59.9,0.00
2026-01-21 14:14:20,150.2,0.000,0.0,0.043,59.9,0.00
2026-01-21 14:14:20,150.2,0.000,0.0,0.043,59.9,0.00
2026-01-21 14:14:20,150.2,0.000,0.0,0.043,59.9,0.00
2026-01-21 14:14:20,150.2,0.000,0.0,0.043,59.9,0.00
2026-01-21 14:14:20,150.2,0.000,0.0,0.043,59.9,0.00
2026-01-21 14:14:20,150.2,0.000,0.0,0.043,59.9,0.00
2026-01-21 14:14:20,150.2,0.000,0.0,0.043,59.9,0.00
2026-01-21 14:14:21,150.2,0.000,0.0,0.043,59.9,0.00
2026-01-21 14:14:21,150.2,0.000,0.0,0.043,59.9,0.00
2026-01-21 14:14:21,150.2,0.000,0.0,0.043,59.9,0.00
2026-01-21 14:14:21,150.2,0.000,0.0,0.043,59.9,0.00
2026-01-21 14:14:21,150.2,0.000,0.0,0.043,59.9,0.00
2026-01-21 14:14:21,150.2,0.000,0.0,0.043,59.9,0.00
2026-01-21 14:14:21,150.2,0.000,0.0,0.043,59.9,0.00
2026-01-21 14:14:21,150.2,0.000,0.0,0.043,59.9,0.00
2026-01-21 14:14:21,150.2,0.000,0.0,0.043,59.9,0.00
2026-01-21 14:14:21,150.2,0.000,0.0,0.043,59.9,0.00
2026-01-21 14:14:21,150.2,0.000,0.0,0.043,59.9,0.00
2026-01-21 14:14:21,150.2,0.000,0.0,0.043,59.9,0.00
2026-01-21 14:14:21,150.2,0.000,0.0,0.043,59.9,0.00
2026-01-21 14:14:21,150.2,0.000,0.0,0.043,59.9,0.00
2026-01-21 14:14:22,150.2,0.000,0.0,0.043,59.9,0.00
2026-01-21 14:14:22,150.2,0.000,0.0,0.043,59.9,0.00
2026-01-21 14:14:22,150.2,0.000,0.0,0.043,59.9,0.00
2026-01-21 14:14:22,150.2,0.000,0.0,0.043,59.9,0.00
2026-01-21 14:14:22,150.2,0.000,0.0,0.043,59.9,0.00
2026-01-21 14:14:22,150.2,0.000,0.0,0.043,59.9,0.00
2026-01-21 14:14:22,150.2,0.000,0.0,0.043,59.9,0.00
2026-01-21 14:14:22,150.2,0.000,0.0,0.043,59.9,0.00
2026-01-21 14:14:22,150.2,0.000,0.0,0.043,59.9,0.00
2026-01-21 14:14:22,150.2,0.000,0.0,0.043,59.9,0.00
2026-01-21 14:14:22,150.2,0.000,0.0,0.043,59.9,0.00
2026-01-21 14:14:22,150.2,0.000,0.0,0.043,59.9,0.00
2026-01-21 14:14:22,150.2,0.000,0.0,0.043,59.9,0.00
2026-01-21 14:14:22,150.2,0.000,0.0,0.043,59.9,0.00
2026-01-21 14:14:23,150.2,0.000,0.0,0.043,59.9,0.00
2026-01-21 14:14:23,150.2,0.000,0.0,0.043,59.9,0.00
2026-01-21 14:14:23,150.2,0.000,0.0,0.043,59.9,0.00
2026-01-21 14:14:23,150.2,0.000,0.0,0.043,59.9,0.00
2026-01-21 14:14:23,150.2,0.000,0.0,0.043,59.9,0.00
2026-01-21 14:14:23,150.2,0.000,0.0,0.043,59.9,0.00
2026-01-21 14:14:23,150.2,0.000,0.0,0.043,59.9,0.00
2026-01-21 14:14:23,150.2,0.000,0.0,0.043,59.9,0.00
2026-01-21 14:14:23,150.2,0.000,0.0,0.043,59.9,0.00
2026-01-21 14:14:23,150.2,0.000,0.0,0.043,59.9,0.00
2026-01-21 14:14:23,150.2,0.000,0.0,0.043,59.9,0.00
2026-01-21 14:14:23,150.2,0.000,0.0,0.043,59.9,0.00
2026-01-21 14:14:23,150.2,0.000,0.0,0.043,59.9,0.00
2026-01-21 14:14:23,150.2,0.000,0.0,0.043,59.9,0.00
2026-01-21 14:14:23,150.2,0.000,0.0,0.043,59.9,0.00
2026-01-21 14:14:24,150.2,0.000,0.0,0.043,59.9,0.00
2026-01-21 14:14:24,150.2,0.000,0.0,0.043,59.9,0.00
2026-01-21 14:14:24,150.2,0.000,0.0,0.043,59.9,0.00
2026-01-21 14:14:24,150.2,0.000,0.0,0.043,59.9,0.00
2026-01-21 14:14:24,150.2,0.000,0.0,0.043,59.9,0.00
2026-01-21 14:14:24,150.2,0.000,0.0,0.043,59.9,0.00
2026-01-21 14:14:24,150.2,0.000,0.0,0.043,59.9,0.00
2026-01-21 14:14:24,150.2,0.000,0.0,0.043,59.9,0.00
2026-01-21 14:14:24,150.2,0.000,0.0,0.043,59.9,0.00
2026-01-21 14:14:24,150.3,0.000,0.0,0.043,59.9,0.00
2026-01-21 14:14:24,150.3,0.000,0.0,0.043,59.9,0.00
2026-01-21 14:14:24,150.3,0.000,0.0,0.043,59.9,0.00
2026-01-21 14:14:24,150.3,0.000,0.0,0.043,59.9,0.00
2026-01-21 14:14:24,150.3,0.000,0.0,0.043,59.9,0.00
2026-01-21 14:14:25,150.3,0.000,0.0,0.043,59.9,0.00
2026-01-21 14:14:25,150.3,0.000,0.0,0.043,59.9,0.00
2026-01-21 14:14:25,150.3,0.000,0.0,0.043,59.9,0.00
2026-01-21 14:14:25,150.3,0.000,0.0,0.043,59.9,0.00
2026-01-21 14:14:25,150.3,0.000,0.0,0.043,59.9,0.00
2026-01-21 14:14:25,150.3,0.000,0.0,0.043,59.9,0.00
2026-01-21 14:14:25,150.3,0.000,0.0,0.043,59.9,0.00
2026-01-21 14:14:25,150.3,0.000,0.0,0.043,59.9,0.00
2026-01-21 14:14:25,150.3,0.000,0.0,0.043,59.9,0.00
2026-01-21 14:14:25,150.3,0.000,0.0,0.043,59.9,0.00
2026-01-21 14:14:25,150.3,0.000,0.0,0.043,59.9,0.00
2026-01-21 14:14:25,150.3,0.000,0.0,0.043,59.9,0.00
2026-01-21 14:14:25,150.3,0.000,0.0,0.043,59.9,0.00
2026-01-21 14:14:25,150.3,0.000,0.0,0.043,59.9,0.00
2026-01-21 14:14:26,150.3,0.000,0.0,0.043,59.9,0.00
2026-01-21 14:14:26,150.3,0.000,0.0,0.043,59.9,0.00
2026-01-21 14:14:26,150.3,0.000,0.0,0.043,59.9,0.00
2026-01-21 14:14:26,150.3,0.000,0.0,0.043,59.9,0.00
2026-01-21 14:14:26,150.3,0.000,0.0,0.043,59.9,0.00
2026-01-21 14:14:26,150.3,0.000,0.0,0.043,59.9,0.00
2026-01-21 14:14:26,150.3,0.000,0.0,0.043,59.9,0.00
2026-01-21 14:14:26,150.3,0.000,0.0,0.043,59.9,0.00
2026-01-21 14:14:26,150.3,0.000,0.0,0.043,59.9,0.00
2026-01-21 14:14:26,150.3,0.000,0.0,0.043,59.9,0.00
2026-01-21 14:14:26,150.3,0.000,0.0,0.043,59.9,0.00
2026-01-21 14:14:26,150.3,0.000,0.0,0.043,59.9,0.00
2026-01-21 14:14:26,150.3,0.000,0.0,0.043,59.9,0.00
2026-01-21 14:14:26,150.3,0.000,0.0,0.043,59.9,0.00
2026-01-21 14:14:27,150.3,0.000,0.0,0.043,59.9,0.00
2026-01-21 14:14:27,150.3,0.000,0.0,0.043,59.9,0.00
2026-01-21 14:14:27,150.3,0.000,0.0,0.043,59.9,0.00
2026-01-21 14:14:27,150.3,0.000,0.0,0.043,59.9,0.00
2026-01-21 14:14:27,150.3,0.000,0.0,0.043,59.9,0.00
2026-01-21 14:14:27,150.3,0.000,0.0,0.043,59.9,0.00
2026-01-21 14:14:27,150.3,0.000,0.0,0.043,59.9,0.00
2026-01-21 14:14:27,150.3,0.000,0.0,0.043,59.9,0.00
2026-01-21 14:14:27,150.3,0.000,0.0,0.043,59.9,0.00
2026-01-21 14:14:27,150.3,0.000,0.0,0.043,59.9,0.00
2026-01-21 14:14:27,150.3,0.000,0.0,0.043,59.9,0.00
2026-01-21 14:14:27,150.3,0.000,0.0,0.043,59.9,0.00
2026-01-21 14:14:27,150.3,0.000,0.0,0.043,59.9,0.00
2026-01-21 14:14:27,150.3,0.000,0.0,0.043,59.9,0.00
2026-01-21 14:14:28,150.3,0.000,0.0,0.043,59.9,0.00
2026-01-21 14:14:28,150.3,0.000,0.0,0.043,59.9,0.00
2026-01-21 14:14:28,150.3,0.000,0.0,0.043,59.9,0.00
2026-01-21 14:14:28,150.3,0.000,0.0,0.043,59.9,0.00
2026-01-21 14:14:28,150.3,0.000,0.0,0.043,59.9,0.00
2026-01-21 14:14:28,150.3,0.000,0.0,0.043,59.9,0.00
2026-01-21 14:14:28,150.3,0.000,0.0,0.043,59.9,0.00
2026-01-21 14:14:28,150.3,0.000,0.0,0.043,59.9,0.00
2026-01-21 14:14:28,150.3,0.000,0.0,0.043,59.9,0.00
2026-01-21 14:14:28,150.3,0.000,0.0,0.043,59.9,0.00
2026-01-21 14:14:28,150.4,0.000,0.0,0.043,59.9,0.00
2026-01-21 14:14:28,150.4,0.000,0.0,0.043,59.9,0.00
2026-01-21 14:14:28,150.4,0.000,0.0,0.043,59.9,0.00
2026-01-21 14:14:28,150.4,0.000,0.0,0.043,59.9,0.00
2026-01-21 14:14:28,150.4,0.000,0.0,0.043,59.9,0.00
2026-01-21 14:14:29,150.4,0.000,0.0,0.043,59.9,0.00
2026-01-21 14:14:29,150.4,0.000,0.0,0.043,59.9,0.00
2026-01-21 14:14:29,150.4,0.000,0.0,0.043,59.9,0.00
2026-01-21 14:14:29,150.4,0.000,0.0,0.043,59.9,0.00
2026-01-21 14:14:29,150.4,0.000,0.0,0.043,59.9,0.00
2026-01-21 14:14:29,150.4,0.000,0.0,0.043,59.9,0.00
2026-01-21 14:14:29,150.4,0.000,0.0,0.043,59.9,0.00
2026-01-21 14:14:29,150.4,0.000,0.0,0.043,59.9,0.00
2026-01-21 14:14:29,150.4,0.000,0.0,0.043,59.9,0.00
2026-01-21 14:14:29,150.4,0.000,0.0,0.043,59.9,0.00
2026-01-21 14:14:29,150.4,0.000,0.0,0.043,59.9,0.00
2026-01-21 14:14:29,150.4,0.000,0.0,0.043,59.9,0.00
2026-01-21 14:14:29,150.4,0.000,0.0,0.043,59.9,0.00
2026-01-21 14:14:29,150.4,0.000,0.0,0.043,59.9,0.00
2026-01-21 14:14:30,150.4,0.000,0.0,0.043,59.9,0.00
2026-01-21 14:14:30,150.4,0.000,0.0,0.043,59.9,0.00
2026-01-21 14:14:30,150.4,0.000,0.0,0.043,59.9,0.00
2026-01-21 14:14:30,150.4,0.000,0.0,0.043,59.9,0.00
2026-01-21 14:14:30,150.4,0.000,0.0,0.043,59.9,0.00
2026-01-21 14:14:30,150.4,0.000,0.0,0.043,59.9,0.00
2026-01-21 14:14:30,150.4,0.000,0.0,0.043,59.9,0.00
2026-01-21 14:14:30,150.4,0.000,0.0,0.043,59.9,0.00
2026-01-21 14:14:30,150.4,0.000,0.0,0.043,59.9,0.00
2026-01-21 14:14:30,150.4,0.000,0.0,0.043,59.9,0.00
2026-01-21 14:14:30,150.4,0.000,0.0,0.043,59.9,0.00
2026-01-21 14:14:30,150.4,0.000,0.0,0.043,59.9,0.00
2026-01-21 14:14:30,150.4,0.000,0.0,0.043,59.9,0.00
2026-01-21 14:14:30,150.4,0.000,0.0,0.043,59.9,0.00
2026-01-21 14:14:31,150.4,0.000,0.0,0.043,59.9,0.00
2026-01-21 14:14:31,150.4,0.000,0.0,0.043,59.9,0.00
2026-01-21 14:14:31,150.4,0.000,0.0,0.043,59.9,0.00
2026-01-21 14:14:31,150.4,0.000,0.0,0.043,59.9,0.00
2026-01-21 14:14:31,150.4,0.000,0.0,0.043,59.9,0.00
2026-01-21 14:14:31,150.4,0.000,0.0,0.043,59.9,0.00
2026-01-21 14:14:31,150.4,0.000,0.0,0.043,59.9,0.00
2026-01-21 14:14:31,150.4,0.000,0.0,0.043,59.9,0.00
2026-01-21 14:14:31,150.4,0.000,0.0,0.043,59.9,0.00
2026-01-21 14:14:31,150.4,0.000,0.0,0.043,59.9,0.00
2026-01-21 14:14:31,150.4,0.000,0.0,0.043,59.9,0.00
2026-01-21 14:14:31,150.4,0.000,0.0,0.043,59.9,0.00
2026-01-21 14:14:31,150.4,0.000,0.0,0.043,59.9,0.00
2026-01-21 14:14:31,150.4,0.000,0.0,0.043,59.9,0.00
2026-01-21 14:14:32,150.4,0.000,0.0,0.043,59.9,0.00
2026-01-21 14:14:32,150.4,0.000,0.0,0.043,59.9,0.00
2026-01-21 14:14:32,150.4,0.000,0.0,0.043,59.9,0.00
2026-01-21 14:14:32,150.4,0.000,0.0,0.043,59.9,0.00
2026-01-21 14:14:32,150.4,0.000,0.0,0.043,59.9,0.00
2026-01-21 14:14:32,150.4,0.000,0.0,0.043,59.9,0.00
2026-01-21 14:14:32,150.4,0.000,0.0,0.043,59.9,0.00
2026-01-21 14:14:32,150.3,0.000,0.0,0.043,59.9,0.00
2026-01-21 14:14:32,150.3,0.000,0.0,0.043,59.9,0.00
2026-01-21 14:14:32,150.3,0.000,0.0,0.043,59.9,0.00
2026-01-21 14:14:32,150.3,0.000,0.0,0.043,59.9,0.00
2026-01-21 14:14:32,150.3,0.000,0.0,0.043,59.9,0.00
2026-01-21 14:14:32,150.3,0.000,0.0,0.043,59.9,0.00
2026-01-21 14:14:32,150.3,0.000,0.0,0.043,59.9,0.00
2026-01-21 14:14:32,150.3,0.000,0.0,0.043,59.9,0.00
2026-01-21 14:14:33,150.3,0.000,0.0,0.043,59.9,0.00
2026-01-21 14:14:33,150.3,0.000,0.0,0.043,59.9,0.00
2026-01-21 14:14:33,150.3,0.000,0.0,0.043,59.9,0.00
2026-01-21 14:14:33,150.3,0.000,0.0,0.043,59.9,0.00
2026-01-21 14:14:33,150.3,0.000,0.0,0.043,59.9,0.00
2026-01-21 14:14:33,150.3,0.000,0.0,0.043,59.9,0.00
2026-01-21 14:14:33,150.3,0.000,0.0,0.043,59.9,0.00
2026-01-21 14:14:33,150.3,0.000,0.0,0.043,59.9,0.00
2026-01-21 14:14:33,150.3,0.000,0.0,0.043,59.9,0.00
2026-01-21 14:14:33,150.3,0.000,0.0,0.043,59.9,0.00
2026-01-21 14:14:33,150.3,0.000,0.0,0.043,59.9,0.00
2026-01-21 14:14:33,150.3,0.000,0.0,0.043,59.9,0.00
2026-01-21 14:14:33,150.3,0.000,0.0,0.043,59.9,0.00
2026-01-21 14:14:33,150.3,0.000,0.0,0.043,59.9,0.00
2026-01-21 14:14:34,150.3,0.000,0.0,0.043,59.9,0.00
2026-01-21 14:14:34,150.3,0.000,0.0,0.043,59.9,0.00
2026-01-21 14:14:34,150.3,0.000,0.0,0.043,59.9,0.00
2026-01-21 14:14:34,150.3,0.000,0.0,0.043,59.9,0.00
2026-01-21 14:14:34,150.3,0.000,0.0,0.043,59.9,0.00
2026-01-21 14:14:34,150.3,0.000,0.0,0.043,59.9,0.00
2026-01-21 14:14:34,150.3,0.000,0.0,0.043,59.9,0.00
2026-01-21 14:14:34,150.3,0.000,0.0,0.043,59.9,0.00
2026-01-21 14:14:34,150.3,0.000,0.0,0.043,59.9,0.00
2026-01-21 14:14:34,150.3,0.000,0.0,0.043,59.9,0.00
2026-01-21 14:14:34,150.3,0.000,0.0,0.043,59.9,0.00
2026-01-21 14:14:34,150.3,0.000,0.0,0.043,59.9,0.00
2026-01-21 14:14:34,150.3,0.000,0.0,0.043,59.9,0.00
2026-01-21 14:14:34,150.3,0.000,0.0,0.043,59.9,0.00
2026-01-21 14:14:35,150.3,0.000,0.0,0.043,59.9,0.00
2026-01-21 14:14:35,150.3,0.000,0.0,0.043,59.9,0.00
2026-01-21 14:14:35,150.3,0.000,0.0,0.043,59.9,0.00
2026-01-21 14:14:35,150.3,0.000,0.0,0.043,59.9,0.00
2026-01-21 14:14:35,150.3,0.000,0.0,0.043,59.9,0.00
2026-01-21 14:14:35,150.3,0.000,0.0,0.043,59.9,0.00
2026-01-21 14:14:35,150.3,0.000,0.0,0.043,59.9,0.00
2026-01-21 14:14:35,150.3,0.000,0.0,0.043,59.9,0.00
2026-01-21 14:14:35,150.3,0.000,0.0,0.043,59.9,0.00
2026-01-21 14:14:35,150.3,0.000,0.0,0.043,59.9,0.00
2026-01-21 14:14:35,150.3,0.000,0.0,0.043,59.9,0.00
2026-01-21 14:14:35,150.3,0.000,0.0,0.043,59.9,0.00
2026-01-21 14:14:35,150.3,0.000,0.0,0.043,59.9,0.00
2026-01-21 14:14:35,150.3,0.000,0.0,0.043,59.9,0.00
2026-01-21 14:14:36,150.3,0.000,0.0,0.043,59.9,0.00
2026-01-21 14:14:36,150.3,0.000,0.0,0.043,59.9,0.00
2026-01-21 14:14:36,150.3,0.000,0.0,0.043,59.9,0.00
2026-01-21 14:14:36,150.3,0.000,0.0,0.043,59.9,0.00
2026-01-21 14:14:36,150.3,0.000,0.0,0.043,59.9,0.00
2026-01-21 14:14:36,150.3,0.000,0.0,0.043,59.9,0.00
2026-01-21 14:14:36,150.3,0.000,0.0,0.043,59.9,0.00
2026-01-21 14:14:36,150.3,0.000,0.0,0.043,59.9,0.00
2026-01-21 14:14:36,150.3,0.000,0.0,0.043,59.9,0.00
2026-01-21 14:14:36,150.3,0.000,0.0,0.043,59.9,0.00
2026-01-21 14:14:36,150.3,0.000,0.0,0.043,59.9,0.00
2026-01-21 14:14:36,150.3,0.000,0.0,0.043,59.9,0.00
2026-01-21 14:14:36,150.3,0.000,0.0,0.043,59.9,0.00
2026-01-21 14:14:36,150.3,0.000,0.0,0.043,59.9,0.00
2026-01-21 14:14:37,150.3,0.000,0.0,0.043,59.9,0.00
2026-01-21 14:14:37,150.3,0.000,0.0,0.043,59.9,0.00
2026-01-21 14:14:37,150.3,0.000,0.0,0.043,59.9,0.00
2026-01-21 14:14:37,150.3,0.000,0.0,0.043,59.9,0.00
2026-01-21 14:14:37,150.3,0.000,0.0,0.043,59.9,0.00
2026-01-21 14:14:37,150.3,0.000,0.0,0.043,59.9,0.00
2026-01-21 14:14:37,150.3,0.000,0.0,0.043,59.9,0.00
2026-01-21 14:14:37,150.3,0.000,0.0,0.043,59.9,0.00
2026-01-21 14:14:37,150.3,0.000,0.0,0.043,59.9,0.00
2026-01-21 14:14:37,150.3,0.000,0.0,0.043,59.9,0.00
2026-01-21 14:14:37,150.3,0.000,0.0,0.043,59.9,0.00
2026-01-21 14:14:37,150.3,0.000,0.0,0.043,59.9,0.00
2026-01-21 14:14:37,150.3,0.000,0.0,0.043,59.9,0.00
2026-01-21 14:14:37,150.3,0.000,0.0,0.043,59.9,0.00
